[
  {
    "id": 1,
    "priority": 1,
    "action": {
      "type": "modifyHeaders",
      "requestHeaders": [
        {
          "header": "referer",
          "operation": "set",
          "value": "https://www.facebook.com"
        },
        {
          "header": "origin",
          "operation": "set",
          "value": "https://www.facebook.com"
        }
      ]
    },
    "condition": {
      "domain": "extension://*",
      "urlFilter": "https://www.facebook.com",
      "resourceTypes": ["xmlhttprequest"]
    }
  },
  {
    "id": 2,
    "priority": 1,
    "action": {
      "type": "modifyHeaders",
      "requestHeaders": [
        {
          "header": "referer",
          "operation": "set",
          "value": "https://www.instagram.com"
        },
        {
          "header": "origin",
          "operation": "set",
          "value": "https://www.instagram.com"
        }
      ]
    },
    "condition": {
      "domain": "extension://*",
      "urlFilter": "https://www.instagram.com",
      "resourceTypes": ["xmlhttprequest"]
    }
  }
]
